"Address,""Port"",""Packets"",""Bytes"",""Tx Packets"",""Tx Bytes"",""Rx Packets"",""Rx Bytes"""
"65.54.95.68,80,1939,1785634,1275,1718702,664,66932"
"65.54.95.75,80,1277,970421,766,878941,511,91480"
"65.54.95.140,80,1153,866613,658,762505,495,104108"
"204.14.234.85,443,884,717455,516,478353,368,239102"
"204.14.234.85,8443,884,717455,516,478353,368,239102"
"130.117.72.100,443,524,518062,354,508537,170,9525"
"209.17.73.30,80,411,422795,284,415047,127,7748"
"184.85.226.161,443,417,314689,222,223835,195,90854"
"72.14.213.147,443,306,122925,216,113354,90,9571"
"192.168.3.131,57243,502,415620,206,129914,296,285706"
"65.55.206.199,80,315,303663,199,281058,116,22605"
"208.82.236.129,80,367,155180,195,126549,172,28631"
"192.168.3.131,57244,430,347058,188,114316,242,232742"
"172.16.255.1,10638,524,518062,170,9525,354,508537"
"206.108.207.138,80,241,244039,163,235400,78,8639"
"208.82.236.130,80,279,169445,162,155392,117,14053"
"72.14.213.102,443,285,104868,156,91544,129,13324"
"192.168.3.131,57246,214,158898,96,68186,118,90712"
"192.168.3.131,57245,240,207040,94,61618,146,145422"
"192.168.3.131,52152,306,122925,90,9571,216,113354"
"72.14.213.18,443,132,14806,88,11885,44,2921"
"172.16.255.1,10622,174,31866,88,6780,86,25086"
"147.31.122.1,443,174,31866,86,25086,88,6780"
"10.0.2.15,2528,212,51224,86,14682,126,36542"
"65.54.95.39,80,164,60236,81,44889,83,15347"
"204.9.163.181,443,144,90280,81,77431,63,12849"
"192.168.3.131,56058,241,244039,78,8639,163,235400"
"192.168.3.131,56022,203,204055,72,12897,131,191158"
"128.241.90.211,80,123,99836,72,94397,51,5439"
"192.168.3.131,57247,160,120660,72,47796,88,72864"
"65.54.95.216,80,109,84460,66,80286,43,4174"
"192.168.3.131,57248,184,157506,66,47430,118,110076"
"192.168.3.131,58789,208,214018,64,3901,144,210117"
"207.46.0.109,80,92,62123,63,46009,29,16114"
"65.54.189.173,1863,106,25612,63,18271,43,7341"
"65.54.189.173,61863,106,25612,63,18271,43,7341"
"192.168.3.131,58790,203,208777,63,3847,140,204930"
"192.168.3.131,56434,197,203188,61,4207,136,198981"
"10.0.2.15,2548,164,97666,60,7058,104,90608"
"66.235.139.121,80,98,27224,59,18787,39,8437"
"192.168.3.131,56140,185,183937,59,3867,126,180070"
"10.0.2.15,2529,154,78834,58,4954,96,73880"
"192.168.3.131,56331,181,183721,58,3813,123,179908"
"192.168.3.131,56368,182,183775,58,3813,124,179962"
"192.168.3.131,56174,180,183666,57,3759,123,179907"
"192.168.3.131,56511,191,202858,56,3937,135,198921"
"192.168.3.131,56064,169,169487,54,4282,115,165205"
"192.168.3.131,56065,177,183505,54,3597,123,179908"
"65.54.167.27,80,82,48833,52,45304,30,3529"
"65.54.167.27,5480,82,48833,52,45304,30,3529"
"172.16.255.1,10646,121,105697,51,21917,70,83780"
"207.46.148.38,80,113,37111,48,25364,65,11747"
"72.14.213.103,80,96,5472,48,2880,48,2592"
"207.46.96.145,80,77,39417,48,36940,29,2477"
"207.46.96.145,5480,77,39417,48,36940,29,2477"
"192.168.3.131,56509,136,131988,46,3410,90,128578"
"192.168.3.131,52202,131,77298,45,3712,86,73586"
"172.16.255.1,10647,103,86234,45,18331,58,67903"
"192.168.3.131,49673,132,14806,44,2921,88,11885"
"192.168.3.131,56427,134,131880,44,3302,90,128578"
"65.54.95.142,80,74,51522,42,47517,32,4005"
"192.168.3.131,56139,133,132125,42,2958,91,129167"
"10.0.2.15,2526,108,55498,42,11600,66,43898"
"66.220.149.32,80,66,41770,40,33538,26,8232"
"206.108.207.155,80,64,52694,39,49811,25,2883"
"192.168.3.131,56067,88,72418,38,10986,50,61432"
"72.14.213.132,443,60,37974,37,34567,23,3407"
"194.192.199.252,443,58,44067,36,42038,22,2029"
"204.9.163.158,80,70,6654,35,4071,35,2583"
"192.168.3.131,56415,83,72692,34,7539,49,65153"
"65.54.186.19,443,54,27749,33,21949,21,5800"
"65.54.186.19,5443,54,27749,33,21949,21,5800"
"192.168.3.131,55957,48,36024,32,14661,16,21363"
"10.0.2.15,2550,68,6358,32,3312,36,3046"
"70.37.129.34,80,59,26001,32,22025,27,3976"
"70.37.129.34,5480,59,26001,32,22025,27,3976"
"65.55.15.244,80,57,25914,31,14475,26,11439"
"192.168.3.131,56416,79,69419,31,7378,48,62041"
"65.55.15.244,5480,57,25914,31,14475,26,11439"
"192.168.3.131,55959,45,29934,30,13934,15,16000"
"109.173.29.34,443,66,4847,29,2264,37,2583"
"192.168.3.131,56435,73,58943,29,7653,44,51290"
"192.168.3.131,56436,67,56100,29,10254,38,45846"
"72.14.213.147,80,46,29693,28,21938,18,7755"
"204.9.163.166,80,69,7068,28,2988,41,4080"
"109.227.83.224,443,64,4766,28,2236,36,2530"
"207.46.113.78,443,54,21010,28,14343,26,6667"
"207.46.113.78,5443,54,21010,28,14343,26,6667"
"212.8.166.36,443,50,7255,27,4547,23,2708"
"172.16.255.1,10650,54,38795,27,14372,27,24423"
"192.168.3.131,56414,67,57874,27,7163,40,50711"
"65.55.5.232,80,76,56643,26,33462,50,23181"
"192.168.3.131,56048,66,41770,26,8232,40,33538"
"10.0.2.15,2536,60,27250,26,11382,34,15868"
"10.0.2.15,2542,50,18974,26,6630,24,12344"
"10.0.2.15,2544,58,23046,26,6704,32,16342"
"192.168.3.131,56411,68,63921,26,5171,42,58750"
"192.168.3.131,56417,67,59020,26,7106,41,51914"
"192.168.3.131,56418,60,50563,26,7103,34,43460"
"172.16.255.1,10652,49,32499,25,13155,24,19344"
"65.54.95.149,80,41,33547,25,32262,16,1285"
"192.168.3.131,56036,60,50541,24,3708,36,46833"
"72.14.213.148,80,37,33087,24,31841,13,1246"
"172.16.255.1,10636,50,7255,23,2708,27,4547"
"172.16.255.1,10651,44,27925,23,13031,21,14894"
"72.14.213.138,80,43,24143,22,15907,21,8236"
"65.55.17.37,80,40,30999,22,26951,18,4048"
"192.168.3.131,56037,54,45651,22,3005,32,42646"
"10.0.2.15,2537,48,24242,22,11280,26,12962"
"172.16.255.1,10667,58,44067,22,2029,36,42038"
"66.235.133.62,80,35,7712,21,6908,14,804"
"192.168.3.131,56429,49,36911,21,6377,28,30534"
"192.168.3.131,55960,31,11685,20,6891,11,4794"
"192.168.3.131,56073,49,36375,20,4906,29,31469"
"192.168.3.131,56168,55,51758,20,2601,35,49157"
"10.0.2.15,2552,44,19690,20,2744,24,16946"
"65.54.95.66,80,35,17998,19,12980,16,5018"
"192.168.3.131,56133,51,43958,19,1794,32,42164"
"172.16.255.1,10639,47,34318,19,4501,28,29817"
"192.168.3.131,56457,51,42116,19,1992,32,40124"
"192.168.3.131,55958,27,12422,18,8642,9,3780"
"192.168.3.131,55962,28,20619,18,8520,10,12099"
"192.168.3.131,56012,48,42350,18,1381,30,40969"
"192.168.3.131,56034,44,35687,18,4537,26,31150"
"172.16.255.1,10653,44,36607,18,1863,26,34744"
"172.16.255.1,10654,45,37828,18,1862,27,35966"
"67.215.65.132,443,39,8095,18,5263,21,2832"
"10.0.2.15,2547,42,19674,18,1978,24,17696"
"64.4.35.57,1863,34,3179,18,1523,16,1656"
"10.0.2.15,2551,40,18056,18,2678,22,15378"
"10.0.2.15,2553,40,17528,18,2738,22,14790"
"192.168.3.131,56438,38,26863,18,6188,20,20675"
"10.0.2.15,2554,38,16418,18,2536,20,13882"
"192.168.3.131,56500,49,42161,18,1842,31,40319"
"64.4.35.57,61863,34,3179,18,1523,16,1656"
"192.168.3.131,56068,42,30946,17,4133,25,26813"
"192.168.3.131,56132,46,40615,17,1836,29,38779"
"192.168.3.131,56165,50,46078,17,1880,33,44198"
"204.194.237.136,80,37,9854,17,6940,20,2914"
"192.168.3.131,56419,38,28535,17,5811,21,22724"
"192.168.3.131,56433,47,40073,17,1884,30,38189"
"192.168.3.131,56497,44,34093,17,3503,27,30590"
"192.168.3.131,57839,42,29465,16,7647,26,21818"
"192.168.3.131,55973,42,35896,16,1264,26,34632"
"192.168.3.131,56041,37,27034,16,2681,21,24353"
"192.168.3.131,56069,38,29456,16,4078,22,25378"
"192.168.3.131,56070,44,37842,16,1552,28,36290"
"192.168.3.131,56110,44,36928,16,1553,28,35375"
"192.168.3.131,56233,44,36620,16,1553,28,35067"
"10.0.2.15,2527,34,2674,16,1160,18,1514"
"172.16.255.1,10649,32,19692,16,7216,16,12476"
"192.168.3.131,56423,41,33547,16,1285,25,32262"
"192.168.3.131,56428,46,41112,16,1830,30,39282"
"192.168.3.131,56476,44,37746,16,1831,28,35915"
"192.168.3.131,56510,45,41052,16,1830,29,39222"
"192.168.3.131,57250,26,13340,16,11312,10,2028"
"65.55.5.231,80,45,29934,15,16000,30,13934"
"192.168.3.131,56055,30,14438,15,3629,15,10809"
"172.16.255.1,10648,24,12484,15,6502,9,5982"
"172.16.255.1,10655,34,25401,15,1714,19,23687"
"192.168.3.131,56320,46,31575,15,8385,31,23190"
"192.168.3.131,55968,25,7504,14,5654,11,1850"
"192.168.3.131,56039,32,21821,14,3170,18,18651"
"192.168.3.131,56051,46,30548,14,7729,32,22819"
"192.168.3.131,56061,22,8189,14,6527,8,1662"
"192.168.3.131,56093,37,30218,14,1444,23,28774"
"192.168.3.90,139,26,2088,14,1122,12,966"
"192.168.3.131,57231,26,13982,14,7036,12,6946"
"10.0.2.15,2545,30,8520,14,3140,16,5380"
"76.74.140.168,80,31,5905,14,2435,17,3470"
"192.168.3.131,57249,38,28128,14,8944,24,19184"
"192.168.3.131,55954,32,28053,13,2551,19,25502"
"72.14.213.101,80,29,7732,13,1970,16,5762"
"192.168.3.131,56038,28,17568,13,2516,15,15052"
"192.168.3.131,56040,29,19702,13,3119,16,16583"
"192.168.3.131,56044,30,20305,13,1244,17,19061"
"192.168.3.131,56059,25,10211,13,2859,12,7352"
"192.168.3.131,52402,36,28171,13,1734,23,26437"
"172.16.255.1,10640,31,20459,13,2199,18,18260"
"172.16.255.1,10688,24,2358,13,1317,11,1041"
"192.168.3.131,56424,37,33087,13,1246,24,31841"
"192.168.3.131,55963,25,15158,12,1853,13,13305"
"192.168.3.131,56027,20,9881,12,3693,8,6188"
"192.168.3.131,56056,22,7635,12,2855,10,4780"
"192.168.3.131,56066,31,23587,12,1297,19,22290"
"10.0.2.15,1095,26,2088,12,966,14,1122"
"10.0.2.15,2540,20,2108,12,1458,8,650"
"96.17.8.49,80,21,9837,12,8848,9,989"
"192.168.3.131,58547,16,1417,12,959,4,458"
"70.37.129.32,80,22,9845,12,8473,10,1372"
"96.17.8.49,5480,21,9837,12,8848,9,989"
"70.37.129.32,5480,22,9845,12,8473,10,1372"
"206.108.207.139,80,31,11685,11,4794,20,6891"
"192.168.3.131,56166,28,20197,11,1136,17,19061"
"204.9.163.184,443,21,2400,11,1251,10,1149"
"172.16.255.1,10641,24,13617,11,2091,13,11526"
"172.16.255.1,10642,24,14113,11,2091,13,12022"
"91.103.140.2,80,23,5505,11,3133,12,2372"
"213.146.189.205,443,24,2358,11,1041,13,1317"
"192.168.3.131,56319,25,17600,11,1564,14,16036"
"91.103.140.2,5480,23,5505,11,3133,12,2372"
"194.165.188.79,443,19,2058,10,937,9,1121"
"172.16.255.1,10637,21,2400,10,1149,11,1251"
"192.168.3.131,52399,24,9803,10,1673,14,8130"
"10.0.2.15,2539,16,2090,10,1362,6,728"
"10.0.2.15,2543,20,4004,10,2104,10,1900"
"65.55.116.184,80,20,3508,10,1668,10,1840"
"10.0.2.15,2546,16,2490,10,1604,6,886"
"172.16.255.1,10684,18,1310,10,699,8,611"
"10.0.2.15,2549,20,3012,10,1576,10,1436"
"172.16.255.1,10687,18,1291,10,670,8,621"
"172.16.255.1,10690,18,1318,10,698,8,620"
"192.168.3.131,56406,20,10127,10,3360,10,6767"
"192.168.3.131,56502,22,14921,10,3125,12,11796"
"192.168.3.131,49166,16,1968,10,1410,6,558"
"65.55.116.184,5480,20,3508,10,1668,10,1840"
"65.55.239.163,80,27,12422,9,3780,18,8642"
"192.168.3.131,56026,17,9001,9,2318,8,6683"
"192.168.3.131,56029,18,9120,9,1729,9,7391"
"65.55.118.107,80,23,6570,9,2077,14,4493"
"192.168.3.131,56057,19,8836,9,2316,10,6520"
"192.168.3.131,56060,19,8512,9,1590,10,6922"
"192.168.3.131,56141,16,3464,9,2555,7,909"
"192.168.3.131,56175,16,3464,9,2555,7,909"
"172.16.255.1,10627,19,2058,9,1121,10,937"
"172.16.255.1,10643,18,7773,9,1967,9,5806"
"64.4.9.254,1863,17,1337,9,757,8,580"
"66.235.143.184,443,24,12484,9,5982,15,6502"
"172.16.255.1,10658,16,1196,9,625,7,571"
"172.16.255.1,10671,16,1152,9,612,7,540"
"172.16.255.1,10682,16,1209,9,653,7,556"
"172.16.255.1,10683,16,1152,9,611,7,541"
"192.168.3.131,56326,19,8459,9,1548,10,6911"
"172.16.255.1,10689,16,1191,9,628,7,563"
"192.168.3.131,56332,16,3464,9,2555,7,909"
"192.168.3.131,56369,16,3464,9,2555,7,909"
"192.168.3.131,58609,21,13635,9,941,12,12694"
"72.14.213.120,443,17,6194,9,5025,8,1169"
"172.16.255.1,10696,16,1214,9,637,7,577"
"172.16.255.1,10697,16,1181,9,649,7,532"
"192.168.3.131,56503,21,13867,9,3074,12,10793"
"192.168.3.131,56504,18,9928,9,2214,9,7714"
"64.4.9.254,61863,17,1337,9,757,8,580"
"192.168.3.131,58770,21,17894,9,4633,12,13261"
"192.168.3.131,57011,13,4887,8,3271,5,1616"
"192.168.3.131,55956,13,6055,8,3933,5,2122"
"192.168.3.131,55972,12,3008,8,2156,4,852"
"192.168.3.131,56035,14,4044,8,2763,6,1281"
"206.108.207.163,80,17,3689,8,2639,9,1050"
"192.168.3.131,56054,13,3459,8,2420,5,1039"
"195.27.155.11,80,22,8189,8,1662,14,6527"
"192.168.3.131,56128,15,6968,8,2232,7,4736"
"192.168.3.131,58417,19,11845,8,887,11,10958"
"192.168.3.131,58486,18,10391,8,887,10,9504"
"172.16.255.1,10635,15,1258,8,768,7,490"
"109.255.178.86,443,15,1257,8,675,7,582"
"192.168.3.131,58543,19,11834,8,887,11,10947"
"109.229.25.126,443,18,1310,8,611,10,699"
"109.90.123.126,443,18,1291,8,621,10,670"
"192.168.3.131,56359,17,10251,8,2366,9,7885"
"172.16.255.1,10691,14,3847,8,2832,6,1015"
"192.168.3.131,52497,17,6194,8,1169,9,5025"
"192.168.3.131,56501,18,11628,8,2159,10,9469"
"192.168.3.131,57233,12,9626,8,7374,4,2252"
"192.168.3.131,57242,12,718,8,478,4,240"
"192.168.3.131,58272,15,7994,7,954,8,7040"
"192.168.3.131,58310,16,9897,7,910,9,8987"
"192.168.3.131,56028,14,6506,7,1012,7,5494"
"192.168.3.131,58327,15,7444,7,960,8,6484"
"192.168.3.131,56090,15,4900,7,1050,8,3850"
"192.168.3.131,56091,16,7067,7,1050,9,6017"
"192.168.3.131,56092,15,6490,7,1050,8,5440"
"192.168.3.131,58351,17,10563,7,833,10,9730"
"192.168.3.131,58353,17,11113,7,833,10,10280"
"192.168.3.131,56111,14,5272,7,1050,7,4222"
"192.168.3.131,56112,15,6798,7,1050,8,5748"
"192.168.3.131,56113,15,6981,7,1050,8,5931"
"192.168.3.131,58378,16,10091,7,833,9,9258"
"192.168.3.131,58464,17,10305,7,1011,10,9294"
"192.168.3.131,56234,15,6715,7,1050,8,5665"
"192.168.3.131,56235,14,5771,7,1050,7,4721"
"192.168.3.131,56236,15,6154,7,1050,8,5104"
"192.168.3.131,58490,17,10860,7,833,10,10027"
"192.168.3.131,56255,15,6264,7,1050,8,5214"
"192.168.3.131,56256,14,5559,7,1050,7,4509"
"192.168.3.131,56257,15,6502,7,1050,8,5452"
"194.165.188.76,443,15,1258,7,490,8,768"
"172.16.255.1,10659,15,1257,7,582,8,675"
"172.16.255.1,10661,13,2637,7,920,6,1717"
"172.16.255.1,10665,13,2745,7,964,6,1781"
"172.16.255.1,10664,13,2713,7,948,6,1765"
"172.16.255.1,10668,13,3208,7,958,6,2250"
"172.16.255.1,10669,12,3362,7,1020,5,2342"
"192.168.3.131,58544,18,10523,7,1016,11,9507"
"192.168.3.131,56360,13,5208,7,1352,6,3856"
"192.168.3.131,56363,16,7694,7,1007,9,6687"
"192.168.3.131,56454,15,6504,7,1282,8,5222"
"192.168.3.131,56455,14,5181,7,1282,7,3899"
"192.168.3.131,56456,15,6455,7,1282,8,5173"
"192.168.3.131,58668,17,10640,7,833,10,9807"
"192.168.3.131,56477,14,4770,7,1282,7,3488"
"192.168.3.131,56478,14,4709,7,1282,7,3427"
"192.168.3.131,56479,15,7022,7,1282,8,5740"
"192.168.3.131,56505,16,9162,7,2702,9,6460"
"204.14.234.101,443,17,11690,7,4539,10,7151"
"204.14.234.101,8443,17,11690,7,4539,10,7151"
"66.235.136.89,443,19,7029,7,1134,12,5895"
"66.235.136.89,8443,19,7029,7,1134,12,5895"
"192.168.3.131,58794,16,10026,7,833,9,9193"
"192.168.3.131,55966,10,1709,6,851,4,858"
"192.168.3.131,55967,12,5520,6,976,6,4544"
"63.215.202.49,80,12,5520,6,4544,6,976"
"192.168.3.131,58265,14,8046,6,942,8,7104"
"192.168.3.131,52201,11,2855,6,518,5,2337"
"192.168.3.131,52203,11,2855,6,518,5,2337"
"192.168.3.131,52204,11,2855,6,518,5,2337"
"192.168.3.131,52205,11,2855,6,518,5,2337"
"192.168.3.131,52206,11,2855,6,518,5,2337"
"192.168.3.131,52207,11,2855,6,518,5,2337"
"192.168.3.131,52208,11,1305,6,813,5,492"
"192.168.3.131,52209,11,1305,6,813,5,492"
"192.168.3.131,52210,11,1305,6,813,5,492"
"192.168.3.131,52211,11,1305,6,813,5,492"
"192.168.3.131,52212,11,1305,6,813,5,492"
"192.168.3.131,52213,11,1305,6,813,5,492"
"192.168.3.131,52214,11,1305,6,813,5,492"
"192.168.3.131,52215,11,1305,6,813,5,492"
"192.168.3.131,58304,14,8122,6,891,8,7231"
"192.168.3.131,56021,15,4716,6,1671,9,3045"
"192.168.3.131,56030,10,2185,6,929,4,1256"
"192.168.3.131,56031,10,2631,6,931,4,1700"
"192.168.3.131,56032,10,2121,6,920,4,1201"
"192.168.3.131,56033,10,2128,6,921,4,1207"
"192.168.3.131,52248,11,1107,6,631,5,476"
"192.168.3.131,52257,11,1073,6,597,5,476"
"192.168.3.131,58352,14,7153,6,779,8,6374"
"192.168.3.131,52266,11,1107,6,631,5,476"
"192.168.3.131,58361,16,10165,6,779,10,9386"
"192.168.3.131,58377,15,9617,6,779,9,8838"
"192.168.3.131,56126,17,3591,6,336,11,3255"
"192.168.3.131,58381,11,1153,6,635,5,518"
"192.168.3.131,56127,11,2994,6,1234,5,1760"
"192.168.3.131,58389,14,7746,6,779,8,6967"
"192.168.3.131,56160,11,1514,6,1046,5,468"
"192.168.3.131,58411,11,1153,6,635,5,518"
"192.168.3.131,56194,11,1514,6,1046,5,468"
"192.168.3.131,58443,11,1153,6,635,5,518"
"72.14.213.156,80,12,684,6,360,6,324"
"192.168.3.131,56213,11,1513,6,1046,5,467"
"192.168.3.131,56214,11,1513,6,1046,5,467"
"192.168.3.131,58517,13,5970,6,779,7,5191"
"172.16.255.1,10670,12,3284,6,936,6,2348"
"192.168.3.131,56292,11,1514,6,1046,5,468"
"192.168.3.131,56313,11,1513,6,1046,5,467"
"192.168.3.131,56314,11,1513,6,1046,5,467"
"192.168.3.131,56324,9,2526,6,1730,3,796"
"192.168.3.131,56327,11,1762,6,947,5,815"
"192.168.3.131,56328,11,1318,6,994,5,324"
"192.168.3.131,56351,11,1514,6,1046,5,468"
"192.168.3.131,56358,10,2462,6,1280,4,1182"
"192.168.3.131,56386,11,1514,6,1046,5,468"
"192.168.3.131,56407,11,1827,6,1360,5,467"
"192.168.3.131,56408,11,1827,6,1360,5,467"
"192.168.3.131,56422,10,1964,6,1202,4,762"
"192.168.3.90,445,16,1968,6,558,10,1410"
"208.50.77.134,80,18,1008,6,360,12,648"
"208.50.77.134,5480,18,1008,6,360,12,648"
"192.168.3.131,58787,15,9015,6,779,9,8236"
"192.168.3.131,58793,15,8781,6,779,9,8002"
"192.168.3.131,58795,11,1153,6,635,5,518"
"192.168.3.131,55950,9,1953,5,1226,4,727"
"192.168.3.131,55955,8,1185,5,730,3,455"
"192.168.3.131,55971,8,2946,5,1497,3,1449"
"207.46.216.54,80,15,3176,5,912,10,2264"
"192.168.3.131,58264,9,1291,5,835,4,456"
"192.168.3.131,58303,9,1292,5,834,4,458"
"192.168.3.131,58305,10,2437,5,677,5,1760"
"192.168.3.131,56042,8,1669,5,920,3,749"
"192.168.3.131,56052,9,3016,5,921,4,2095"
"206.108.207.145,80,13,3459,5,1039,8,2420"
"192.168.3.131,58350,10,3571,5,871,5,2700"
"192.168.3.131,58360,10,3621,5,871,5,2750"
"192.168.3.131,56129,9,3571,5,927,4,2644"
"192.168.3.131,56135,9,3023,5,928,4,2095"
"192.168.3.131,56136,9,936,5,282,4,654"
"192.168.3.131,58388,12,4933,5,901,7,4032"
"192.168.3.131,56163,8,1676,5,927,3,749"
"192.168.3.131,56167,9,3579,5,1166,4,2413"
"192.168.3.131,56169,9,936,5,282,4,654"
"192.168.3.131,58410,10,3616,5,874,5,2742"
"192.168.3.131,58416,10,3987,5,905,5,3082"
"192.168.3.131,58434,11,4903,5,909,6,3994"
"192.168.3.131,58439,10,3503,5,878,5,2625"
"192.168.3.131,58440,10,3990,5,908,5,3082"
"172.16.255.1,10616,10,928,5,347,5,581"
"172.16.255.1,10617,10,928,5,347,5,581"
"172.16.255.1,10618,10,928,5,347,5,581"
"172.16.255.1,10619,10,928,5,347,5,581"
"172.16.255.1,10620,10,928,5,347,5,581"
"192.168.3.131,58485,10,3553,5,873,5,2680"
"192.168.3.131,58487,10,3504,5,873,5,2631"
"172.16.255.1,10630,10,1086,5,501,5,585"
"192.168.3.131,58542,10,3713,5,873,5,2840"
"192.168.3.131,56318,9,3572,5,927,4,2645"
"192.168.3.131,56325,9,3643,5,928,4,2715"
"192.168.3.131,56357,9,3572,5,927,4,2645"
"192.168.3.131,56362,9,3023,5,928,4,2095"
"192.168.3.131,58608,10,3589,5,879,5,2710"
"192.168.3.131,56401,10,3382,5,1681,5,1701"
"192.168.3.131,56420,8,1926,5,869,3,1057"
"192.168.3.131,58666,10,3749,5,879,5,2870"
"192.168.3.131,58667,11,4390,5,913,6,3477"
"192.168.3.131,56495,9,3633,5,914,4,2719"
"192.168.3.131,56499,9,2825,5,1529,4,1296"
"192.168.3.131,56506,9,3602,5,901,4,2701"
"192.168.3.131,58737,11,4443,5,912,6,3531"
"192.168.3.131,58750,10,4009,5,912,5,3097"
"192.168.3.131,58757,11,4238,5,912,6,3326"
"192.168.3.131,58766,11,4302,5,912,6,3390"
"192.168.3.131,58777,12,4694,5,912,7,3782"
"192.168.3.131,58786,11,4152,5,878,6,3274"
"192.168.3.131,58788,10,3773,5,878,5,2895"
"192.168.3.131,58830,10,3596,5,878,5,2718"
"192.168.3.131,58831,9,1039,5,581,4,458"
"172.16.255.1,10714,10,928,5,347,5,581"
"72.14.213.102,80,9,1953,4,727,5,1226"
"192.168.3.131,55953,6,1099,4,689,2,410"
"192.168.3.131,55961,7,1634,4,932,3,702"
"63.215.202.48,80,10,1709,4,858,6,851"
"72.14.213.105,443,6,434,4,326,2,108"
"192.168.3.131,56023,7,1168,4,725,3,443"
"192.168.3.131,56049,8,2753,4,768,4,1985"
"192.168.3.131,56053,11,3348,4,228,7,3120"
"192.168.3.131,56134,10,2060,4,228,6,1832"
"12.129.210.71,80,9,3579,4,2413,5,1166"
"10.0.2.15,2498,6,336,4,216,2,120"
"207.46.105.186,80,10,1054,4,325,6,729"
"192.168.3.131,56421,8,3407,4,943,4,2464"
"72.14.213.149,80,8,3407,4,2464,4,943"
"192.168.3.131,57149,6,336,4,216,2,120"
"192.168.3.131,57121,6,336,4,216,2,120"
"192.168.3.131,57173,6,336,4,216,2,120"
"192.168.3.131,57150,6,336,4,216,2,120"
"192.168.3.131,57145,6,336,4,216,2,120"
"192.168.3.131,57147,6,336,4,216,2,120"
"207.46.105.186,5480,10,1054,4,325,6,729"
"192.168.3.131,58769,9,1362,4,332,5,1030"
"192.168.3.131,57204,6,336,4,216,2,120"
"192.168.3.131,57203,6,336,4,216,2,120"
"192.168.3.131,57202,6,336,4,216,2,120"
"192.168.3.131,57198,8,456,4,216,4,240"
"69.63.181.15,80,8,456,4,240,4,216"
"192.168.3.131,57192,8,456,4,216,4,240"
"192.168.3.131,57205,6,336,4,216,2,120"
"192.168.3.131,57201,6,336,4,216,2,120"
"192.168.3.131,57186,6,336,4,216,2,120"
"69.63.181.15,5480,8,456,4,240,4,216"
"192.168.3.131,57180,6,336,4,216,2,120"
"192.168.3.131,57213,6,336,4,216,2,120"
"192.168.3.131,57176,6,336,4,216,2,120"
"192.168.3.131,57174,6,336,4,216,2,120"
"192.168.3.131,57191,6,336,4,216,2,120"
"192.168.3.131,57229,8,456,4,216,4,240"
"184.24.133.32,80,7,1634,3,702,4,932"
"184.24.143.139,80,7,1168,3,443,4,725"
"192.168.3.131,56161,11,2690,3,174,8,2516"
"198.104.200.146,80,8,1045,3,364,5,681"
"192.168.3.131,56317,11,2690,3,174,8,2516"
"192.168.3.131,56323,7,1152,3,174,4,978"
"192.168.3.131,56356,11,2689,3,174,8,2515"
"192.168.3.131,56361,7,1152,3,174,4,978"
"192.168.3.131,56494,6,1165,3,174,3,991"
"208.50.77.73,80,9,504,3,180,6,324"
"208.50.77.73,5480,9,504,3,180,6,324"
"208.50.77.97,80,9,504,3,180,6,324"
"208.50.77.97,5480,9,504,3,180,6,324"
"198.104.200.146,5480,8,1045,3,364,5,681"
"172.16.255.1,10704,3,194,3,194,0,0"
"172.16.255.1,10705,3,194,3,194,0,0"
"65.55.206.209,80,6,1099,2,410,4,689"
"192.168.3.131,57721,6,434,2,108,4,326"
"192.168.3.131,57038,3,168,2,108,1,60"
"192.168.3.131,56050,4,246,2,120,2,126"
"192.168.3.131,58362,3,186,2,120,1,66"
"72.14.213.105,80,4,228,2,120,2,108"
"192.168.3.131,57838,4,228,2,108,2,120"
"72.14.203.102,80,4,228,2,120,2,108"
"192.168.3.131,57878,4,228,2,108,2,120"
"192.168.3.131,57071,4,228,2,108,2,120"
"72.14.213.167,80,4,228,2,120,2,108"
"192.168.3.131,57032,4,228,2,108,2,120"
"10.0.2.15,2489,2,108,2,108,0,0"
"172.16.255.1,10623,2,132,2,132,0,0"
"172.16.255.1,10628,2,132,2,132,0,0"
"172.16.255.1,10629,2,132,2,132,0,0"
"172.16.255.1,10631,2,132,2,132,0,0"
"192.168.3.131,57885,4,228,2,108,2,120"
"192.168.3.131,57888,4,228,2,108,2,120"
"192.168.3.131,57895,4,228,2,108,2,120"
"192.168.3.131,57894,4,228,2,108,2,120"
"192.168.3.131,57892,4,228,2,108,2,120"
"192.168.3.131,57890,4,228,2,108,2,120"
"192.168.3.131,57898,4,228,2,108,2,120"
"192.168.3.131,57886,4,228,2,108,2,120"
"192.168.3.131,57893,4,228,2,108,2,120"
"192.168.3.131,57883,4,228,2,108,2,120"
"192.168.3.131,57887,4,228,2,108,2,120"
"192.168.3.131,57881,4,228,2,108,2,120"
"192.168.3.131,57900,4,228,2,108,2,120"
"192.168.3.131,57879,4,228,2,108,2,120"
"192.168.3.131,57889,4,228,2,108,2,120"
"192.168.3.131,57899,4,228,2,108,2,120"
"192.168.3.131,57891,4,228,2,108,2,120"
"192.168.3.131,57901,4,228,2,108,2,120"
"192.168.3.131,57884,4,228,2,108,2,120"
"192.168.3.131,57882,4,228,2,108,2,120"
"192.168.3.131,57902,4,228,2,108,2,120"
"192.168.3.131,57896,4,228,2,108,2,120"
"192.168.3.131,57880,4,228,2,108,2,120"
"192.168.3.131,57897,4,228,2,108,2,120"
"192.168.3.131,57024,4,228,2,108,2,120"
"192.168.3.131,57230,4,228,2,108,2,120"
"172.16.255.1,10672,2,132,2,132,0,0"
"172.16.255.1,10673,2,132,2,132,0,0"
"172.16.255.1,10674,2,132,2,132,0,0"
"172.16.255.1,10675,2,132,2,132,0,0"
"172.16.255.1,10676,2,132,2,132,0,0"
"172.16.255.1,10677,2,132,2,132,0,0"
"192.168.3.131,57847,4,228,2,108,2,120"
"192.168.3.131,56430,4,246,2,120,2,126"
"192.168.3.131,57949,3,168,2,108,1,60"
"172.16.255.1,10692,2,132,2,132,0,0"
"172.16.255.1,10693,2,132,2,132,0,0"
"192.168.3.131,57058,4,228,2,108,2,120"
"174.36.30.111,80,3,554,2,312,1,242"
"192.168.3.131,49206,6,1108,2,484,4,624"
"174.36.30.111,5480,3,554,2,312,1,242"
"204.14.234.85,80,4,228,2,120,2,108"
"204.14.234.85,5480,4,228,2,120,2,108"
"74.217.50.10,80,3,168,1,60,2,108"
"208.82.238.129,80,3,186,1,66,2,120"
"65.55.25.60,443,3,168,1,60,2,108"
"172.16.255.1,10621,1,66,1,66,0,0"
"172.16.255.1,10624,1,66,1,66,0,0"
"172.16.255.1,10625,1,66,1,66,0,0"
"172.16.255.1,10626,1,66,1,66,0,0"
"172.16.255.1,10632,1,66,1,66,0,0"
"172.16.255.1,10633,1,66,1,66,0,0"
"172.16.255.1,10634,1,66,1,66,0,0"
"172.16.255.1,10678,1,66,1,66,0,0"
"172.16.255.1,10679,1,66,1,66,0,0"
"172.16.255.1,10685,1,66,1,66,0,0"
"172.16.255.1,10686,1,66,1,66,0,0"
"195.27.155.40,80,3,168,1,60,2,108"
"172.16.255.1,10694,1,66,1,66,0,0"
"172.16.255.1,10695,1,66,1,66,0,0"
"65.55.25.60,5443,3,168,1,60,2,108"
"208.50.77.136,80,3,168,1,60,2,108"
"208.50.77.136,5480,3,168,1,60,2,108"
"65.55.57.251,80,2,114,1,60,1,54"
"65.55.57.251,5480,2,114,1,60,1,54"
"74.125.127.148,80,3,168,1,60,2,108"
"65.55.206.9,80,3,168,1,60,2,108"
"74.125.127.148,5480,3,168,1,60,2,108"
"65.55.206.9,5480,3,168,1,60,2,108"
"207.46.216.54,5480,3,168,1,60,2,108"
